{"cameraMode":{"drawMode":0,"name":"Shaded","section":"Shading Mode"},"sceneLighting":false,"audioPlay":false,"sceneViewState":{"showFog":true,"showMaterialUpdate":false,"showSkybox":false,"showFlares":true,"showImageEffects":true,"showParticleSystems":true},"in2DMode":false,"pivot":{"x":868.9732666015625,"y":9.800000190734864,"z":-798.0},"rotation":{"x":-0.19649995863437653,"y":0.7211565971374512,"z":-0.22685812413692475,"w":-0.6244779825210571},"size":754.4017944335938,"orthographic":false}