{"cameraMode":{"drawMode":0,"name":"Shaded","section":"Shading Mode"},"sceneLighting":false,"audioPlay":false,"sceneViewState":{"showFog":true,"showMaterialUpdate":false,"showSkybox":false,"showFlares":true,"showImageEffects":true,"showParticleSystems":true},"in2DMode":false,"pivot":{"x":1086.2183837890625,"y":35.91746520996094,"z":698.8873291015625},"rotation":{"x":-0.27781394124031069,"y":0.46450909972190859,"z":-0.15611033141613007,"w":-0.8263101577758789},"size":108.71463012695313,"orthographic":false}