{"cameraMode":{"drawMode":0,"name":"Shaded","section":"Shading Mode"},"sceneLighting":false,"audioPlay":false,"sceneViewState":{"showFog":true,"showMaterialUpdate":false,"showSkybox":false,"showFlares":true,"showImageEffects":true,"showParticleSystems":true},"in2DMode":false,"pivot":{"x":258.43145751953127,"y":13.34681224822998,"z":1014.415771484375},"rotation":{"x":0.09351459890604019,"y":0.9056812524795532,"z":-0.2715778946876526,"w":0.3120669722557068},"size":194.4687957763672,"orthographic":false}