{"cameraMode":{"drawMode":0,"name":"Shaded","section":"Shading Mode"},"sceneLighting":false,"audioPlay":false,"sceneViewState":{"showFog":true,"showMaterialUpdate":false,"showSkybox":true,"showFlares":true,"showImageEffects":true,"showParticleSystems":true},"in2DMode":false,"pivot":{"x":2387.24560546875,"y":-219.734619140625,"z":1236.7652587890625},"rotation":{"x":0.24691705405712129,"y":0.6762645840644836,"z":-0.2594987750053406,"w":0.6438289284706116},"size":3508.89111328125,"orthographic":false}