{"cameraMode":{"drawMode":0,"name":"Shaded","section":"Shading Mode"},"sceneLighting":false,"audioPlay":false,"sceneViewState":{"showFog":true,"showMaterialUpdate":false,"showSkybox":false,"showFlares":true,"showImageEffects":true,"showParticleSystems":true},"in2DMode":false,"pivot":{"x":458.75115966796877,"y":348.61895751953127,"z":250.5570068359375},"rotation":{"x":-0.031958676874637607,"y":0.9664929509162903,"z":-0.1499367356300354,"w":-0.20599567890167237},"size":66.9796142578125,"orthographic":false}