{"cameraMode":{"drawMode":0,"name":"Shaded","section":"Shading Mode"},"sceneLighting":false,"audioPlay":false,"sceneViewState":{"showFog":true,"showMaterialUpdate":false,"showSkybox":false,"showFlares":true,"showImageEffects":true,"showParticleSystems":true},"in2DMode":false,"pivot":{"x":956.9906005859375,"y":331.59637451171877,"z":88.26638793945313},"rotation":{"x":-0.10568297654390335,"y":0.8053379058837891,"z":-0.1510520726442337,"w":-0.5634602308273315},"size":1114.34912109375,"orthographic":false}